username,password,status,role_id,id
admin,123,ACTIVE,1,1
hwitcher1,123,ACTIVE,2,2
wewings2,123,ACTIVE,2,3
zalejo3,123,ACTIVE,2,4
blomasney4,123,ACTIVE,2,5
vjain5,123,ACTIVE,2,6
zcornbell6,123,ACTIVE,2,7
nsherrington7,123,ACTIVE,2,8
malessandrini8,123,ACTIVE,2,9
wlovel9,123,ACTIVE,2,10
wpyraha,123,ACTIVE,2,11
lslarkb,123,ACTIVE,2,12
mfrancktonc,123,ACTIVE,2,13
cgovinlockd,123,ACTIVE,2,14
gfaraghere,123,ACTIVE,2,15
rpottsf,123,ACTIVE,2,16
mrobeling,123,ACTIVE,2,17
edarkinsh,123,ACTIVE,2,18
erembrandti,123,ACTIVE,2,19
rpleasej,123,ACTIVE,2,20
tfroudek,123,ACTIVE,2,21
bkingswoodl,123,ACTIVE,2,22
dsirmanm,123,ACTIVE,2,23
admin,123,ACTIVE,1,24
ggoodwinso,123,ACTIVE,2,25
kaskerp,123,ACTIVE,2,26
cberdaleq,123,ACTIVE,2,27
aabellr,123,ACTIVE,2,28
tcellis,123,ACTIVE,2,29
aecclestont,123,ACTIVE,2,30
mvalentinu,123,ACTIVE,2,31
nlangshawv,123,ACTIVE,2,32
tmarconiw,123,ACTIVE,2,33
hreilingenx,123,ACTIVE,2,34
bknivetony,123,ACTIVE,2,35
dduplockz,123,ACTIVE,2,36
atidgewell10,123,ACTIVE,2,37
pyarn11,123,NEW_USER,2,38
japthorpe12,123,NEW_USER,2,39
egoodin13,123,NEW_USER,2,40
fmelliard14,123,NEW_USER,2,41
rpesselt15,123,NEW_USER,2,42
jlicciardo16,123,NEW_USER,2,43
eclipson17,123,NEW_USER,2,44
bkurten18,123,NEW_USER,2,45
sdunsire19,123,NEW_USER,2,46
cmollene1a,123,NEW_USER,2,47
gcampo1b,123,NEW_USER,2,48
asydall1c,123,NEW_USER,2,49
tpolglaze1d,123,NEW_USER,2,50
baplin1e,123,NEW_USER,2,51
qclayill1f,123,NEW_USER,2,52
alob1g,123,NEW_USER,2,53
lwressell1h,123,NEW_USER,2,54
hgregson1i,123,NEW_USER,2,55
mmarlor1j,123,NEW_USER,2,56
cdury1k,123,NEW_USER,2,57
dlorrimer1l,123,NEW_USER,2,58
mcardinale1m,123,NEW_USER,2,59
sspark1n,123,NEW_USER,2,60
kchittenden1o,123,NEW_USER,2,61
rfranzschoninger1p,123,NEW_USER,2,62
gdumphy1q,123,NEW_USER,2,63
lschukraft1r,123,NEW_USER,2,64
rgoodey1s,123,INACTIVE,2,65
lmccurlye1t,123,INACTIVE,2,66
dlabbey1u,123,INACTIVE,2,67
rfeak1v,123,INACTIVE,2,68
lwisson1w,123,INACTIVE,2,69
dloud1x,123,INACTIVE,2,70
